﻿<?xml version="1.0" encoding="utf-8" ?>
<DataReaders>
  <DataReader name="faction" filename="factions.txt" dirsetting="filelocation_txtdir" dataitem="faction" startline="3"/>
  <DataReader name="variable" filename="variables.txt" dirsetting="filelocation_txtdir" dataitem="globalvar" startline="2"/>
  <DataReader name="mesh" filename="meshes.txt" dirsetting="filelocation_txtdir" dataitem="mesh" startline="3"/>
  <DataReader name="party" filename="parties.txt" dirsetting="filelocation_txtdir" dataitem="party" startline="3"/>
  <DataReader name="party_tpl" filename="party_templates.txt" dirsetting="filelocation_txtdir" dataitem="party_tpl" startline="3"/>
  <DataReader name="quick_string" filename="quick_strings.txt" dirsetting="filelocation_txtdir" dataitem="string" startline="2"/>
  <DataReader name="string" filename="strings.txt" dirsetting="filelocation_txtdir" dataitem="string" startline="3"/>
  <DataReader name="item" filename="item_kinds1.txt" dirsetting="filelocation_txtdir" dataitem="item" startline="3"/>
  <DataReader name="scene" filename="scenes.txt" dirsetting="filelocation_txtdir" dataitem="scene" startline="3"/>
  <DataReader name="scene_prop" filename="scene_props.txt" dirsetting="filelocation_txtdir" dataitem="scene_prop" startline="3"/>
  <DataReader name="tableau" filename="tableau_materials.txt" dirsetting="filelocation_txtdir" dataitem="tab" startline="3"/>
  <DataReader name="troop" filename="troops.txt" dirsetting="filelocation_txtdir" dataitem="troop" startline="3"/>
  <DataReader name="map_icon" filename="map_icons.txt" dirsetting="filelocation_txtdir" dataitem="map_icon" startline="3"/>
  <DataReader name="mission_tpl" filename="mission_templates.txt" dirsetting="filelocation_txtdir" dataitem="mission_template" startline="3"/>
  <DataReader name="action" filename="actions.txt" dirsetting="filelocation_txtdir" dataitem="action" startline="2"/>
  <DataReader name="dialog" filename="conversation.txt" dirsetting="filelocation_txtdir" dataitem="dialog" startline="3"/>
  <DataReader name="dialog_state" filename="dialog_states.txt" dirsetting="filelocation_txtdir" dataitem="globalvar" startline="2"/>
  <DataReader name="info_page" filename="info_pages.txt" dirsetting="filelocation_txtdir" dataitem="infopage" startline="3"/>
  <DataReader name="menu" filename="menus.txt" dirsetting="filelocation_txtdir" dataitem="menu" startline="3"/>
  <DataReader name="music" filename="music.txt" dirsetting="filelocation_txtdir" dataitem="music" startline="2"/>
  <DataReader name="particle_sys" filename="particle_systems.txt" dirsetting="filelocation_txtdir" dataitem="particle_system" startline="3"/>
  <DataReader name="postfx" filename="postfx.txt" dirsetting="filelocation_txtdir" dataitem="postfx" startline="3"/>
  <DataReader name="presentation" filename="presentations.txt" dirsetting="filelocation_txtdir" dataitem="presentation" startline="3"/>
  <DataReader name="quest" filename="quests.txt" dirsetting="filelocation_txtdir" dataitem="quest" startline="3"/>
  <DataReader name="skill" filename="skills.txt" dirsetting="filelocation_txtdir" dataitem="skill" startline="2"/>
</DataReaders>
